category,high,weight_h,low,weight_l
Плодове,Ябълки,4,авокадо (малки количества),1
,Кайсий ,2,Банан,2
,Къпини,2,пъпеш ,3
,Череши,3,грозде,4
,Грейпфрут,1,киви,4
,Манго,2,лимон,2
,Нектарини,1,Лайм,2
,Праскови,3,мандарини,1
,Круши,4,ягода,4
,Сливи,3,портокал,3
,Нар,1,папая,1
,Диня ,3,живовляк,1
,Фурми,1,ананас,1
,Смокини,1,малина,2
,Компот,1,боровонки,1
,плодов сок,2,грейпфрут,1
,сушени плодове,2,ананас,2
,авокадо,1,na,
Зеленчуци,артишок,3,рукола,1
,аспержи,3,чушки,1
,цвекло,2,бамбукови кълнове,1
,брюкселско зеле,2,броколи,2
,карфиол,2,моркови,4
,целина,1,целина,2
,чесън,4,обикновенно зеле,2
,праз,2,царевица,1
,лук,4,патладжан,3
,грах,1,цикория,1
,броколи,2,копър,2
,зеле,2,,
,патладжан,1,кейл,1
,бамя,1,маруля,4
,цикория,1,магданоз,1
,зелени чушки,1,пъщърнак,1
,гъби,2,картофи,3
,na,,спанак,3
,na,,сладък картоф,2
,na,,домат,3
,na,,ряпа,2
,na,,кестени,1
,na,,тиквички,4
,na,,краставица,3
,na,,джинджифил,2
,na,,зелен фасул,4
,na,,маслини,2
,na,,тиква,1
,na,,червени чушки,1
,na,,листа от праз ,1
протеини,na,,говеждо,3
,na,,пиле,3
,na,,яйца,3
,na,,риба,3
,na,,агнешко,3
,na,,свинско,3
,na,,пуешко,2
подправки,na,,канела,1
,na,,кимион,1
,na,,билки,1
зърна,ечемик,2,амарант,1
,кус-кус,2,ориз,3
,ръж,3,булгур (до 4 чаши),1
,грис,1,овес,2
,пшеница,5,киноа,4
,макаронени изделия,2,лимец,1
,царевица,1,царевица,2
,спелта ,1,тапиока,1
,булгут,1,сусам,3
,na,,чия,2
,na,,тиквени семки,4
,na,,слънчоглед,3
,na,,елда,2
,na,,ленено семе,1
,,,просо,1
,,,финно смлени мюсли,1
ядки,бадем,1,бадеми,3
,кашу,2,бразилски орех,2
,шам-фъстък,2,лешник,3
,солени ядки,1,макадамия,4
,na,,кедрови ядки,2
,na,,орехи,4
бобови растения,боб,3,na,
,нахут,3,na,
,леща,4,na,
,фасул,3,na,
,соя,4,na,
млечни продукти,мътеница,1,масло,1
,сметана ,1,пармезан,1
,маргарин,1,бри,2
,краве/козе/овче млека ,4,камамбер,2
,извара,1,моцарела,1
,рикота,1,извара в малки количества,2
,кисели млека,4,твърди сирена до 45% масленост ,2
,меки и пресни сирена,4,фета сирене,1
,сладолед,3,,
ядкови млека,овесено мляко,1,бадемово мляко,1
,соево мляко,1,кокосово мляко,1
,na,,конопено мляко,1
,na,,оризово мляко,1
подсладители,агаве,2,кафява захар,2
,фруктоза,2,глюкоза,2
,царевичен сироп,4,кленов сироп,2
,пчелен мед,4,пудра захар,1
,малтитол,1,стевия,1
,манитол Е421,3,оризов сироп,1
,меласа,1,цвеклова захар,1
,сорбитол Е42,3,na,
,ксилитол Е967,3,na,
,изомалт E953,1,na,
,инулин,1,na,
,na,,na,
,na,,na,
напитки,безалкохолни напитки с високо съдържания на фруктоза,1,вода,1
,бира,1,билков чай,1
,кокосова вода,1,кафе,1
,билкови чайове с ябълка,1,na,
,шоколадови напитки,1,na,
,ром,1,na,
,сода,1,na,
,вино,1,na,
,суроватъчен протеин,1,na,
други,хумус,2,масло от авокадо ,1
,кетчуп,1,соев сос,1
,на,,лютеница,1